{
  "cedar": {
    "wd": {
      "FAR@0.5": 0.0898876404494382,
      "FRR@0.5": 0.019157088122605363,
      "AER@0.5": 0.05452236428602178,
      "EER": 0.03030694390632399,
      "FAR@EER": 0.0299625468164794,
      "FRR@EER": 0.03065134099616858,
      "EER_threshold": 0.618
    },
    "wi": {
      "FAR@0.5": 0.1856060606060606,
      "FRR@0.5": 0.08333333333333333,
      "AER@0.5": 0.13446969696969696,
      "EER": 0.125,
      "FAR@EER": 0.125,
      "FRR@EER": 0.125,
      "EER_threshold": 0.641
    }
  },
  "bhsig": {
    "wd": {
      "FAR@0.5": 0.1539912005028284,
      "FRR@0.5": 0.32539030402629415,
      "AER@0.5": 0.23969075226456127,
      "EER": 0.24499663524333415,
      "FAR@EER": 0.24512884978001256,
      "FRR@EER": 0.2448644207066557,
      "EER_threshold": 0.431
    },
    "wi": {
      "FAR@0.5": 0.1371794871794872,
      "FRR@0.5": 0.25961538461538464,
      "AER@0.5": 0.19839743589743591,
      "EER": 0.19407051282051282,
      "FAR@EER": 0.19423076923076923,
      "FRR@EER": 0.19391025641025642,
      "EER_threshold": 0.449
    }
  },
  "utsig": {
    "wd": {
      "FAR@0.5": 0.18398268398268397,
      "FRR@0.5": 0.3273001508295626,
      "AER@0.5": 0.2556414174061233,
      "EER": 0.26401049930461695,
      "FAR@EER": 0.26406926406926406,
      "FRR@EER": 0.26395173453996984,
      "EER_threshold": 0.452
    },
    "wi": {
      "FAR@0.5": 0.19875776397515527,
      "FRR@0.5": 0.3864734299516908,
      "AER@0.5": 0.29261559696342304,
      "EER": 0.28381642512077293,
      "FAR@EER": 0.2826086956521739,
      "FRR@EER": 0.28502415458937197,
      "EER_threshold": 0.454
    }
  }
}